{
	"TrafficLightGroup_126":
	{
		"x": -22.47966194152832,
		"y": -28.285572052001953,
		"z": 6,
		"pitch": 0,
		"yaw": -1.4835078716278076,
		"roll": 0
	},
	"TrafficLightGroup_131":
	{
		"x": 21.25,
		"y": -1.4000166654586792,
		"z": 6,
		"pitch": 0,
		"yaw": -5.9341192245483398,
		"roll": 0
	},
	"TrafficLightGroup_136":
	{
		"x": -28.529607772827148,
		"y": -7.2182197570800781,
		"z": 6,
		"pitch": 0,
		"yaw": 3.355313777923584,
		"roll": 0
	},
	"TrafficLightGroup_121":
	{
		"x": -4.8500642776489258,
		"y": 33.219970703125,
		"z": 6,
		"pitch": 0,
		"yaw": 1.6057664155960083,
		"roll": 0
	}
}